{"base_files_url": "https://raw.githubusercontent.com/40wattrange/RetroSpyMiSTerDB/60aae1d56da01aa3a8f5efe85605f2b319588520/", "db_id": "40wattrange/RetroSpyMiSTerDB", "db_url": "https://raw.githubusercontent.com/40wattrange/RetroSpyMiSTerDB/db/db.json.zip", "files": {"retrospy/retrospy": {"hash": "d7abbcce4c6b8d9aee0f4c559cda0fa6", "size": 23696, "tags": [16], "url": "https://github.com/retrospy/RetroSpy/releases/latest/download/retrospy"}}, "folders": {"retrospy": {"tags": [16]}}, "tag_dictionary": {"retrospy": 16}, "timestamp": 1702162289}